ICAO,Name,Airline,Country
N12,12 North,12 North - N12,India
RNX,1Time Airline,1Time Airline - RNX,South Africa
MLA,40-Mile Air,40-Mile Air - MLA,United States
VVN,88,88 - VVN,Cyprus
TUS,ABSA - Aerolinhas Brasileiras,ABSA - Aerolinhas Brasileiras - TUS,Brazil
AES,ACES Colombia,ACES Colombia - AES,Colombia
VUE,AD Aviation,AD Aviation - VUE,United Kingdom
IIA,AIR INDOCHINE,AIR INDOCHINE - IIA,Vietnam
AMV,AMC Airlines,AMC Airlines - AMV,Egypt
AMT,ATA Airlines,ATA Airlines - AMT,United States
VAS,ATRAN Cargo Airlines,ATRAN Cargo Airlines - VAS,Russian Federation
TUR,ATUR,ATUR - TUR,Ecuador
AUH,Abu Dhabi Amiri Flight,Abu Dhabi Amiri Flight - AUH,United Arab Emirates
CYD,Access Air,Access Air - CYD,United States
ADE,Ada Air,Ada Air - ADE,Albania
DHI,Adam Air,Adam Air - DHI,Indonesia
ADR,Adria Airways,Adria Airways - ADR,Slovenia
AEE,Aegean Airlines,Aegean Airlines - AEE,Greece
REA,Aer Arann,Aer Arann - REA,Ireland
EIN,Aer Lingus,Aer Lingus - EIN,Ireland
AXZ,Aereonautica militare,Aereonautica militare - AXZ,Italy
AEB,Aero Benin,Aero Benin - AEB,Benin
CDP,Aero Condor Peru,Aero Condor Peru - CDP,Peru
NIG,Aero Contractors,Aero Contractors - NIG,Nigeria
ARF,Aero Flight,Aero Flight - ARF,Germany
RLN,Aero Lanka,Aero Lanka - RLN,Sri Lanka
RSR,Aero-Service,Aero-Service - RSR,Republic of the Congo
AMX,AeroMéxico,AeroMéxico - AMX,Mexico
RPB,AeroRep,AeroRep - RPB,Colombia
WER,AeroWorld ,AeroWorld  - WER,Russia
ARD,Aerocondor,Aerocondor - ARD,Portugal
AFL,Aeroflot Russian Airlines,Aeroflot Russian Airlines - AFL,Russia
DNV,Aeroflot-Don,Aeroflot-Don - DNV,Russia
AUL,Aeroflot-Nord,Aeroflot-Nord - AUL,Russia
LNE,Aerolane,Aerolane - LNE,Ecuador
AWU,Aeroline GmbH,Aeroline GmbH - AWU,Germany
AA1,Aerolineas Africanas,Aerolineas Africanas - AA1,Guinea
ARG,Aerolineas Argentinas,Aerolineas Argentinas - ARG,Argentina
GLG,Aerolineas Galapagos (Aerogal),Aerolineas Galapagos (Aerogal) - GLG,Ecuador
SZB,Aerolineas heredas santa maria,Aerolineas heredas santa maria - SZB,Dominican Republic
SLI,Aerolitoral,Aerolitoral - SLI,Mexico
TAO,Aeromar,Aeromar - TAO,Mexico
IAM,Aeronautica Militare,Aeronautica Militare - IAM,Italy
RTE,Aeronorte,Aeronorte - RTE,Portugal
PEL,Aeropelican Air Services,Aeropelican Air Services - PEL,Australia
PLI,Aeroper,Aeroper - PLI,Peru
RSU,Aerosur,Aerosur - RSU,Bolivia
AEW,Aerosvit Airlines,Aerosvit Airlines - AEW,Ukraine
WTA,Africa West,Africa West - WTA,Togo
AAW,Afriqiyah Airways,Afriqiyah Airways - AAW,Libya
AAF,Aigle Azur,Aigle Azur - AAF,France
DCD,Air 26,Air 26 - DCD,Angola
RKA,Air Afrique,Air Afrique - RKA,Ivory Coast
LFA,Air Alfa,Air Alfa - LFA,Turkey
DAH,Air Algerie,Air Algerie - DAH,Algeria
ABY,Air Arabia,Air Arabia - ABY,United Arab Emirates
RBG,Air Arabia Egypt,Air Arabia Egypt - RBG,Egypt
KZR,Air Astana,Air Astana - KZR,Kazakhstan
ABD,Air Atlanta Icelandic,Air Atlanta Icelandic - ABD,Iceland
REU,Air Austral,Air Austral - REU,France
JAB,Air Bagan,Air Bagan - JAB,Myanmar
BTI,Air Baltic,Air Baltic - BTI,Latvia
BGD,Air Bangladesh,Air Bangladesh - BGD,Bangladesh
BTM,Air Batumi,Air Batumi - BTM,Georgia
BER,Air Berlin,Air Berlin - BER,Germany
BON,Air Bosna,Air Bosna - BON,Bosnia and Herzegovina
BOT,Air Botswana,Air Botswana - BOT,Botswana
BUB,Air Bourbon,Air Bourbon - BUB,Reunion
BUR,Air Bucharest,Air Bucharest - BUR,Romania
VBW,Air Burkina,Air Burkina - VBW,Burkina Faso
ABL,Air Busan,Air Busan - ABL,Republic of Korea
ACI,Air Caledonie International,Air Caledonie International - ACI,France
ACA,Air Canada,Air Canada - ACA,Canada
JZA,Air Canada Jazz,Air Canada Jazz - JZA,Canada
FWI,Air Caraïbes,Air Caraïbes - FWI,France
SNC,Air Cargo Carriers,Air Cargo Carriers - SNC,United States
CEY,Air Century,Air Century - CEY,Dominican Republic
CVA,Air Chathams,Air Chathams - CVA,New Zealand
CCA,Air China,Air China - CCA,China
CUD,Air Cudlua,Air Cudlua - CUD,United Kingdom
DLA,Air Dolomiti,Air Dolomiti - DLA,Italy
AEA,Air Europa,Air Europa - AEA,Spain
AEL,Air Europe,Air Europe - AEL,Italy
AXL,Air Exel,Air Exel - AXL,Netherlands
AXE,Air Explore,Air Explore - AXE,Slovakia
FIF,Air Finland,Air Finland - FIF,Finland
FLZ,Air Florida,Air Florida - FLZ,United States
UPA,Air Foyle,Air Foyle - UPA,United Kingdom
AFR,Air France,Air France - AFR,France
AGV,Air Glaciers,Air Glaciers - AGV,Switzerland
GRL,Air Greenland,Air Greenland - GRL,Denmark
GIP,Air Guinee Express,Air Guinee Express - GIP,Guinea
GUY,Air Guyane,Air Guyane - GUY,French Guiana
AHO,Air Hamburg (AHO),Air Hamburg (AHO) - AHO,Germany
FXI,Air Iceland,Air Iceland - FXI,Iceland
AXB,Air India Express,Air India Express - AXB,India
AIC,Air India Limited,Air India Limited - AIC,India
AI0,Air Indus,Air Indus - AI0,Pakistan
AEY,Air Italy,Air Italy - AEY,Italy
EUD,Air Italy Egypt,Air Italy Egypt - EUD,Egypt
VUN,Air Ivoire,Air Ivoire - VUN,Ivory Coast
AJM,Air Jamaica,Air Jamaica - AJM,Jamaica
AJX,Air Japan,Air Japan - AJX,Japan
KBZ,Air KBZ,Air KBZ - KBZ,Burma
KZK,Air Kazakhstan,Air Kazakhstan - KZK,Kazakhstan
AKL,Air Kiribati,Air Kiribati - AKL,Kiribati
AKA,Air Korea Co. Ltd.,Air Korea Co. Ltd. - AKA,Republic of Korea
KOR,Air Koryo,Air Koryo - KOR,Democratic People's Republic of Korea
LTU,Air Lituanica,Air Lituanica - LTU,Lithuania
LXR,Air Luxor,Air Luxor - LXR,Portugal
AMU,Air Macau,Air Macau - AMU,Macao
MDG,Air Madagascar,Air Madagascar - MDG,Madagascar
DRD,Air Madrid,Air Madrid - DRD,Spain
MJP,Air Majoro,Air Majoro - MJP,Peru
AML,Air Malawi,Air Malawi - AML,Malawi
AMC,Air Malta,Air Malta - AMC,Malta
CWM,Air Marshall Islands,Air Marshall Islands - CWM,Marshall Islands
MAU,Air Mauritius,Air Mauritius - MAU,Mauritius
BIE,Air Mediterranee,Air Mediterranee - BIE,France
MKG,Air Mekong,Air Mekong - MKG,Vietnam
MLD,Air Moldova,Air Moldova - MLD,Moldova
TAH,Air Moorea,Air Moorea - TAH,France
NMB,Air Namibia,Air Namibia - NMB,Namibia
ANZ,Air New Zealand,Air New Zealand - ANZ,New Zealand
ANK,Air Nippon,Air Nippon - ANK,Japan
ANG,Air Niugini,Air Niugini - ANG,Papua New Guinea
ANT,Air North Charter - Canada,Air North Charter - Canada - ANT,Canada
ANE,Air Nostrum,Air Nostrum - ANE,Spain
ADH,Air One,Air One - ADH,Italy
FJI,Air Pacific,Air Pacific - FJI,Fiji
PPL,Air Pegasus,Air Pegasus - PPL,India
GAP,Air Philippines,Air Philippines - GAP,Philippines
MPD,Air Plus Comet,Air Plus Comet - MPD,Spain
RAR,Air Rarotonga,Air Rarotonga - RAR,Cook Islands
RSH,Air Sahara,Air Sahara - RSH,India
SPM,Air Saint Pierre,Air Saint Pierre - SPM,France
RNE,Air Salone,Air Salone - RNE,Sierra Leone
ASL,Air Serbia,Air Serbia - ASL,Serbia
SEY,Air Seychelles,Air Seychelles - SEY,Seychelles
ASD,Air Sinai,Air Sinai - ASD,Egypt
WOW,Air Southwest,Air Southwest - WOW,United Kingdom
RSI,Air Sunshine,Air Sunshine - RSI,United States
VTA,Air Tahiti,Air Tahiti - VTA,French Polynesia
THT,Air Tahiti Nui,Air Tahiti Nui - THT,France
ATC,Air Tanzania,Air Tanzania - ATC,Tanzania
TSC,Air Transat,Air Transat - TSC,Canada
VIM,Air VIA,Air VIA - VIM,Bulgaria
AVN,Air Vanuatu,Air Vanuatu - AVN,Vanuatu
VTI,Air Vistara,Air Vistara - VTI,India
AWW,Air Wales,Air Wales - AWW,United Kingdom
AWI,Air Wisconsin,Air Wisconsin - AWI,United States
AZW,Air Zimbabwe,Air Zimbabwe - AZW,Zimbabwe
AXM,AirAsia,AirAsia - AXM,Malaysia
WAJ,AirAsia Japan,AirAsia Japan - WAJ,Japan
XAX,AirAsia X,AirAsia X - XAX,Malaysia
RRJ,AirRussia,AirRussia - RRJ,Russia
TRS,AirTran Airways,AirTran Airways - TRS,United States
ABQ,Airblue,Airblue - ABQ,Pakistan
SYL,Aircompany Yakutia,Aircompany Yakutia - SYL,Russia
ARE,Aires,Aires - ARE, S.A.
FIX,Airfix Aviation,Airfix Aviation - FIX,Finland
AIR,Airlift International,Airlift International - AIR,United States
RLA,Airlinair,Airlinair - RLA,France
ATM,Airlines Of Tasmania,Airlines Of Tasmania - ATM,Australia
TOK,Airlines PNG,Airlines PNG - TOK,Papua New Guinea
ANO,Airnorth,Airnorth - ANO,Australia
LMU,AlMasria Universal Airlines,AlMasria Universal Airlines - LMU,Egypt
ASA,Alaska Airlines,Alaska Airlines - ASA,ALASKA
AER,Alaska Central Express,Alaska Central Express - AER,United States
LAV,AlbaStar,AlbaStar - LAV,Spain
LBC,Albanian Airlines,Albanian Airlines - LBC,Albania
KYA,Alghanim,Alghanim - KYA,United States
AZA,Alitalia,Alitalia - AZA,Italy
SMX,Alitalia Express,Alitalia Express - SMX,Italy
99F,All Africa,All Africa - 99F,South Africa
AL2,All America,All America - AL2,United States
M7A,All America AR,All America AR - M7A,Argentina
PYB,All America BOPY,All America BOPY - PYB,Paraguay
A9B,All America BR,All America BR - A9B,Brazil
R1R,All America CL,All America CL - R1R,Chile
7ZC,All America CO,All America CO - 7ZC,Colombia
0MM,All America MX,All America MX - 0MM,Mexico
SSA,All America US,All America US - SSA,United States
AL1,All Argentina,All Argentina - AL1,Argentina
Z9H,All Argentina Express,All Argentina Express - Z9H,Argentina
AL3,All Asia,All Asia - AL3,China
8K8,All Australia,All Australia - 8K8,Australia
7KK,All Colombia,All Colombia - 7KK,Colombia
N99,All Europe,All Europe - N99,United Kingdom
ANA,All Nippon Airways,All Nippon Airways - ANA,Japan
N77,All Spain,All Spain - N77,Spain
ALO,Allegheny Commuter Airlines,Allegheny Commuter Airlines - ALO,United States
AAY,Allegiant Air,Allegiant Air - AAY,United States
UTY,Alliance Airlines,Alliance Airlines - UTY,Australia
AAH,Aloha Airlines,Aloha Airlines - AAH,United States
DRU,Alrosa Mirny Air Enterprise,Alrosa Mirny Air Enterprise - DRU,Russia
AZN,Amaszonas,Amaszonas - AZN,Bolivia
AWE,America West Airlines,America West Airlines - AWE,United States
AAL,American Airlines,American Airlines - AAL,United States
EGF,American Eagle Airlines,American Eagle Airlines - EGF,United States
AAN,Amsterdam Airlines,Amsterdam Airlines - AAN,Netherlands
ANU,Andalus Lineas Aereas,Andalus Lineas Aereas - ANU,Spain
AAA,Ansett Australia,Ansett Australia - AAA,Australia
IWA,Apache Air,Apache Air - IWA,United States
AFG,Ariana Afghan Airlines,Ariana Afghan Airlines - AFG,Afghanistan
NAK,Arik Niger,Arik Niger - NAK,Niger
TFL,Arkefly,Arkefly - TFL,Netherlands
AIZ,Arkia Israel Airlines,Arkia Israel Airlines - AIZ,Israel
RNV,Armavia,Armavia - RNV,Armenia
APW,Arrow Air,Arrow Air - APW,United States
ARU,Aruba Airlines,Aruba Airlines - ARU,Aruba
OCA,Aserca Airlines,Aserca Airlines - OCA,Venezuela
AWA,Asia Wings,Asia Wings - AWA,Kazakhstan
RIT,Asian Spirit,Asian Spirit - RIT,Philippines
AWM,Asian Wings Airways,Asian Wings Airways - AWM,Burma
AAR,Asiana Airlines,Asiana Airlines - AAR,Republic of Korea
AAS,Askari Aviation,Askari Aviation - AAS,Pakistan
AEU,Astraeus,Astraeus - AEU,United Kingdom
ASZ,Astrakhan Airlines,Astrakhan Airlines - ASZ,Russia
ACP,Astral Aviation,Astral Aviation - ACP,Kenya
A1F,Atifly,Atifly - A1F,United States
AYZ,Atlant-Soyuz Airlines,Atlant-Soyuz Airlines - AYZ,Russia
FLI,Atlantic Airways,Atlantic Airways - FLI,Faroe Islands
ASQ,Atlantic Southeast Airlines,Atlantic Southeast Airlines - ASQ,United States
LUR,Atlantis European Airways,Atlantis European Airways - LUR,Armenia
GTI,Atlas Air,Atlas Air - GTI,United States
BMM,Atlas Blue,Atlas Blue - BMM,Morocco
UJX,AtlasGlobal Ukraine,AtlasGlobal Ukraine - UJX,Ukraine
KKK,Atlasjet,Atlasjet - KKK,Turkey
AUB,Augsburg Airways,Augsburg Airways - AUB,Germany
AUR,Aurigny Air Services,Aurigny Air Services - AUR,United Kingdom
AUT,Austral Lineas Aereas,Austral Lineas Aereas - AUT,Argentina
AUA,Austrian Airlines,Austrian Airlines - AUA,Austria
ABI,Aviabus,Aviabus - ABI,Russia
TWN,Avialeasing Aviation Company,Avialeasing Aviation Company - TWN,Uzbekistan
AVA,Avianca - Aerovias Nacionales de Colombia,Avianca - Aerovias Nacionales de Colombia - AVA,AVIANCA
SMJ,Avient Aviation,Avient Aviation - SMJ,Zimbabwe
AIA,Avies,Avies - AIA,Estonia
...,Avilu,Avilu - ...,Switzerland
AGX,Aviogenex,Aviogenex - AGX,Serbia
666,Aws express,Aws express - 666,United States
AHY,Azerbaijan Airlines,Azerbaijan Airlines - AHY,Azerbaijan
AZU,Azul,Azul - AZU,Brazil
CFE,BA CityFlyer,BA CityFlyer - CFE,United Kingdom
710,BA101,BA101 - 710,United Kingdom
EGH,BBN-Airways,BBN-Airways - EGH,United Kingdom
BKF,BF-Lento OY,BF-Lento OY - BKF,Finland
BZE,BRAZIL AIR,BRAZIL AIR - BZE,Brazil
BHS,Bahamasair,Bahamasair - BHS,Bahamas
BUU,Baikotovitchestrian Airlines ,Baikotovitchestrian Airlines  - BUU,American Samoa
BA1,Baltic Air lines,Baltic Air lines - BA1,Latvia
BLL,Baltic Airlines,Baltic Airlines - BLL,Russia
BKP,Bangkok Airways,Bangkok Airways - BKP,Thailand
NKF,Barents AirLink,Barents AirLink - NKF,Sweden
BSX,Bassaka airlines,Bassaka airlines - BSX,Cambodia
BEU,Bateleur Air,Bateleur Air - BEU,South Africa
BLS,Bearskin Lake Air Service,Bearskin Lake Air Service - BLS,Canada
BHP,Belair Airlines,Belair Airlines - BHP,Switzerland
BRU,Belavia Belarusian Airlines,Belavia Belarusian Airlines - BRU,Belarus
BLV,Bellview Airlines,Bellview Airlines - BLV,Nigeria
BMJ,Bemidji Airlines,Bemidji Airlines - BMJ,United States
BRG,Bering Air,Bering Air - BRG,United States
BVT,Berjaya Air,Berjaya Air - BVT,Malaysia
BBC,Biman Bangladesh Airlines,Biman Bangladesh Airlines - BBC,Bangladesh
BGY,Bingo Airways,Bingo Airways - BGY,Poland
IBB,Binter Canarias,Binter Canarias - IBB,Spain
BSA,Black Stallion Airways,Black Stallion Airways - BSA,United States
JOR,Blue Air,Blue Air - JOR,Romania
BPA,Blue Panorama Airlines,Blue Panorama Airlines - BPA,Italy
BWG,Blue Wings,Blue Wings - BWG,Germany
BLF,Blue1,Blue1 - BLF,Finland
BBG,Bluebird Airways (BZ),Bluebird Airways (BZ) - BBG,Greece
BOV,Boliviana de Aviacion (OB),Boliviana de Aviacion (OB) - BOV,Bolivia
BTQ,Boutique Air (Priv),Boutique Air (Priv) - BTQ,United States
BRS,Brazilian Air Force,Brazilian Air Force - BRS,Brazil
BZH,Brit Air,Brit Air - BZH,France
BAW,British Airways,British Airways - BAW,United Kingdom
BIH,British International Helicopters,British International Helicopters - BIH,United Kingdom
LAJ,British Mediterranean Airways,British Mediterranean Airways - LAJ,United Kingdom
BMR,British Midland Regional,British Midland Regional - BMR,United Kingdom
DAT,Brussels Airlines,Brussels Airlines - DAT,Belgium
BPS,Budapest Aircraft Services/Manx2,Budapest Aircraft Services/Manx2 - BPS,Hungary
BG1,BudgetAir,BudgetAir - BG1,Germany
LZB,Bulgaria Air,Bulgaria Air - LZB,Bulgaria
BQB,Buquebus Líneas Aéreas,Buquebus Líneas Aéreas - BQB,Uruguay
BCC,BusinessAir,BusinessAir - BCC,Thailand
ICL,CAL Cargo Air Lines,CAL Cargo Air Lines - ICL,Israel
CCB,CARICOM AIRWAYS (BARBADOS) INC.,CARICOM AIRWAYS (BARBADOS) INC. - CCB,Barbados
CIF,CB Airways UK ( Interliging Flights ),CB Airways UK ( Interliging Flights ) - CIF,United Kingdom
XBM,CBM America,CBM America - XBM,United States
CCC,CCML Airlines,CCML Airlines - CCC,Colombia
CEL,CEIBA Intercontinental,CEIBA Intercontinental - CEL,Equatorial Guinea
FCB,COBALT,COBALT - FCB,Cyprus
CLI,Calima Aviacion,Calima Aviacion - CLI,Spain
CAP,CanXplorer,CanXplorer - CAP,Canada
CA1,CanXpress,CanXpress - CA1,Canada
CDN,Canadian Airlines,Canadian Airlines - CDN,Canada
YCP,Canadian National Airways,Canadian National Airways - YCP,Canada
MPE,Canadian North,Canadian North - MPE,Canada
CNF,Canaryfly,Canaryfly - CNF,Spain
KAP,Cape Air,Cape Air - KAP,United States
CGP,Cargo Plus Aviation,Cargo Plus Aviation - CGP,United Arab Emirates
BWA,Caribbean Airlines,Caribbean Airlines - BWA,Trinidad and Tobago
KRP,Carpatair,Carpatair - KRP,Romania
SMW,Carpatair Flight Training,Carpatair Flight Training - SMW,Romania
CPN,Caspian Airlines,Caspian Airlines - CPN,Iran
CPA,Cathay Pacific,Cathay Pacific - CPA,Hong Kong SAR of China
CAY,Cayman Airways,Cayman Airways - CAY,Cayman Islands
CEB,Cebu Pacific,Cebu Pacific - CEB,Philippines
CLJ,Cello Aviation,Cello Aviation - CLJ,United Kingdom
CCG,Central Connect Airlines,Central Connect Airlines - CCG,Czech Republic
CLW,Centralwings,Centralwings - CLW,Poland
CHW,Charter Air,Charter Air - CHW,Austria
CHQ,Chautauqua Airlines,Chautauqua Airlines - CHQ,United States
CAL,China Airlines,China Airlines - CAL,Taiwan
CES,China Eastern Airlines,China Eastern Airlines - CES,China
CSN,China Southern Airlines,China Southern Airlines - CSN,China
CUA,China United Airlines,China United Airlines - CUA,China
CSX,Choice Airways,Choice Airways - CSX,United States
CQN,Chongqing Airlines,Chongqing Airlines - CQN,China
YCC,Ciel Canadien,Ciel Canadien - YCC,Canada
CIM,Cimber Air,Cimber Air - CIM,Denmark
RUS,Cirrus Airlines,Cirrus Airlines - RUS,Germany
SDR,City Airline,City Airline - SDR,Sweden
GTA,City Airways,City Airways - GTA,Thailand
CIX,City Connexion Airlines,City Connexion Airlines - CIX,Burundi
BCY,CityJet,CityJet - BCY,Ireland
CGK,Click Airways,Click Airways - CGK,Kyrgyzstan
CJC,Colgan Air,Colgan Air - CJC,United States
COM,Comair,Comair - COM,United States
CAW,Comair,Comair - CAW,South Africa
CEO,Comfort Express Virtual Charters,Comfort Express Virtual Charters - CEO,United States
EVC,Comfort Express Virtual Charters Albany,Comfort Express Virtual Charters Albany - EVC,United States
UCA,CommutAir,CommutAir - UCA,United States
CWK,Comores Airlines,Comores Airlines - CWK,Comoros
CPZ,Compass Airlines,Compass Airlines - CPZ,United States
COE,Comtel Air,Comtel Air - COE,Austria
CFG,Condor Flugdienst,Condor Flugdienst - CFG,Germany
2CO,ConneX European Airline,ConneX European Airline - 2CO,Austria
CHP,Consorcio Aviaxsa,Consorcio Aviaxsa - CHP,Mexico
KIS,Contact Air,Contact Air - KIS,Germany
COA,Continental Airlines,Continental Airlines - COA,United States
CMI,Continental Micronesia,Continental Micronesia - CMI,United States
VCV,Conviasa,Conviasa - VCV,Venezuela
CMP,Copa Airlines,Copa Airlines - CMP,Panama
CX0,Copenhagen Express,Copenhagen Express - CX0,Denmark
AAQ,Copterline,Copterline - AAQ,Finland
CAI,Corendon Airlines,Corendon Airlines - CAI,Turkey
CRL,Corsairfly,Corsairfly - CRL,France
CCM,Corse-Mediterranee,Corse-Mediterranee - CCM,France
CAN,Crest Aviation,Crest Aviation - CAN,United Kingdom
CTN,Croatia Airlines,Croatia Airlines - CTN,Croatia
CRO,Crown Airways,Crown Airways - CRO,United States
CUB,Cubana de Aviación,Cubana de Aviación - CUB,Cuba
CYP,Cyprus Airways,Cyprus Airways - CYP,Cyprus
CSA,Czech Airlines,Czech Airlines - CSA,Czech Republic
DTR,DAT Danish Air Transport,DAT Danish Air Transport - DTR,Denmark
DAO,Daallo Airlines,Daallo Airlines - DAO,Djibouti
KHB,Dalavia,Dalavia - KHB,Russia
DWT,Darwin Airline,Darwin Airline - DWT,Switzerland
DEA,Delta Aerotaxi,Delta Aerotaxi - DEA,Italy
DAL,Delta Air Lines,Delta Air Lines - DAL,United States
DNM,Denim Air,Denim Air - DNM,Netherlands
DSY,Dennis Sky,Dennis Sky - DSY,Israel
DWA,Dense Airways,Dense Airways - DWA,United States
DC2,Dense Connection,Dense Connection - DC2,United States
DSV,Direct Aero Services,Direct Aero Services - DSV,Romania
DJB,Djibouti Airlines,Djibouti Airlines - DJB,Djibouti
UDN,Dniproavia,Dniproavia - UDN,Ukraine
DOB,Dobrolet,Dobrolet - DOB,Russia
MDO,Domenican Airlines,Domenican Airlines - MDO,Dominican Republic
DOA,Dominicana de Aviaci,Dominicana de Aviaci - DOA,Dominican Republic
DMO,Domodedovo Airlines,Domodedovo Airlines - DMO,Russia
UDC,DonbassAero,DonbassAero - UDC,Ukraine
HDA,Dragonair,Dragonair - HDA,DRAGON
DRK,Druk Air,Druk Air - DRK,Bhutan
DBK,Dubrovnik Air,Dubrovnik Air - DBK,Croatia
DNL,Dutch Antilles Express,Dutch Antilles Express - DNL,Netherlands Antilles
DYA,Dynamic Airways,Dynamic Airways - DYA,United States
ELK,ELK Airways,ELK Airways - ELK,Estonia
QQQ,ENTERair,ENTERair - QQQ,Poland
EVA,EVA Air,EVA Air - EVA,Taiwan
EGS,Eagles Airlines,Eagles Airlines - EGS,Italy
UGX,East African,East African - UGX,Uganda
EHN,East Horizon,East Horizon - EHN,Afghanistan
ESR,Eastar Jet,Eastar Jet - ESR,South Korea
EZE,Eastern Airways,Eastern Airways - EZE,United Kingdom
EAV,Eastern Atlantic Virtual Airlines,Eastern Atlantic Virtual Airlines - EAV,United States
ELA,Eastland Air,Eastland Air - ELA,Australia
EAA,Eastok Avia,Eastok Avia - EAA,Kyrgyzstan
EFY,EasyFly,EasyFly - EFY,Colombia
ECU,Ecuavia,Ecuavia - ECU,Ecuador
EDW,Edelweiss Air,Edelweiss Air - EDW,Switzerland
MSE,EgyptAir Express,EgyptAir Express - MSE,Egypt
MSR,Egyptair,Egyptair - MSR,Egypt
ELY,El Al Israel Airlines,El Al Israel Airlines - ELY,Israel
BRQ,El-Buraq Air Transport,El-Buraq Air Transport - BRQ,Libya
GIE,Elysian Airlines,Elysian Airlines - GIE,Cameroon
UAE,Emirates,Emirates - UAE,United Arab Emirates
EEA,Empresa Ecuatoriana De Aviacion,Empresa Ecuatoriana De Aviacion - EEA,Ecuador
ENJ,Enerjet,Enerjet - ENJ,Canada
ENY,Envoy Air,Envoy Air - ENY,United States
4AA,Epic Holiday,Epic Holiday - 4AA,United States
ERR,Era Alaska,Era Alaska - ERR,United States
ERT,Eritrean Airlines,Eritrean Airlines - ERT,Eritrea
ELL,Estonian Air,Estonian Air - ELL,Estonia
ETH,Ethiopian Airlines,Ethiopian Airlines - ETH,Ethiopia
ETD,Etihad Airways,Etihad Airways - ETD,United Arab Emirates
ECA,Eurocypria Airlines,Eurocypria Airlines - ECA,Cyprus
EEU,Eurofly Service,Eurofly Service - EEU,Italy
MJX,Euroline,Euroline - MJX,Georgia
ELO,Eurolot,Eurolot - ELO,Poland
EU9,Europe Jet,Europe Jet - EU9,France
EUV,EuropeSky,EuropeSky - EUV,Germany
EAL,European Air Express,European Air Express - EAL,Germany
EWG,Eurowings,Eurowings - EWG,Germany
EIA,Evergreen International Airlines,Evergreen International Airlines - EIA,United States
XLA,Excel Airways,Excel Airways - XLA,United Kingdom
XEL,Excel Charter,Excel Charter - XEL,United Kingdom
XSR,Executive AirShare,Executive AirShare - XSR,United States
LHN,Express One International,Express One International - LHN,United States
BTA,ExpressJet,ExpressJet - BTA,United States
EZA,Eznis Airways,Eznis Airways - EZA,Mongolia
FYJ,FLYJET,FLYJET - FYJ,Poland
FOX,FOX Linhas Aereas,FOX Linhas Aereas - FOX,Brazil
EFA,Far Eastern Air Transport,Far Eastern Air Transport - EFA,Taiwan
QFZ,Fars Air Qeshm,Fars Air Qeshm - QFZ,Iran
FDD,Feeder Airlines,Feeder Airlines - FDD,Sudan
FXX,Felix Airways,Felix Airways - FXX,Yemen
FN1,Finlandian,Finlandian - FN1,Finland
FIN,Finnair,Finnair - FIN,Finland
WBA,Finncomm Airlines,Finncomm Airlines - WBA,Finland
FFM,Firefly,Firefly - FFM,Malaysia
FAB,First Air,First Air - FAB,Canada
FCA,First Choice Airways,First Choice Airways - FCA,United Kingdom
DAK,First Flying,First Flying - DAK,Japan
FLT,Flightline,Flightline - FLT,United Kingdom
FWL,Florida West International Airways,Florida West International Airways - FWL,United States
FVM,Flugfelag Vestmannaeyja,Flugfelag Vestmannaeyja - FVM,Iceland
FZW,Fly Africa Zimbabwe,Fly Africa Zimbabwe - FZW,Zimbabwe
FBL,Fly Brasil,Fly Brasil - FBL,Brazil
3FF,Fly Colombia ( Interliging Flights ),Fly Colombia ( Interliging Flights ) - 3FF,Colombia
FDB,Fly Dubai,Fly Dubai - FDB,United Arab Emirates
RWW,Fly Europa,Fly Europa - RWW,Spain
FRF,Fly France,Fly France - FRF,France
FJM,Fly Jamaica Airways,Fly Jamaica Airways - FJM,Jamaica
FI5,Fly One,Fly One - FI5,Moldova
OTJ,Fly Romania,Fly Romania - OTJ,Romania
FFV,Fly540,Fly540 - FFV,Kenya
FEG,FlyEgypt,FlyEgypt - FEG,Egypt
FHI,FlyHigh Airlines Ireland (FH),FlyHigh Airlines Ireland (FH) - FHI,Ireland
LLC,FlyLAL Charters,FlyLAL Charters - LLC,Lithuania
LIL,FlyLal,FlyLal - LIL,Lithuania
NDC,FlyNordic,FlyNordic - NDC,Sweden
FPT,FlyPortugal,FlyPortugal - FPT,Portugal
BBO,Flybaboo,Flybaboo - BBO,Switzerland
BEE,Flybe,Flybe - BEE,United Kingdom
FCM,Flybe Finland Oy,Flybe Finland Oy - FCM,Finland
GSM,Flyglobespan,Flyglobespan - GSM,United Kingdom
FYH,Flyhy Cargo Airlines,Flyhy Cargo Airlines - FYH,Thailand
FKA,Flying kangaroo Airline,Flying kangaroo Airline - FKA,Australia
VQI,Flyme (VP),Flyme (VP) - VQI,Maldives
FOS,Formosa Airlines,Formosa Airlines - FOS,Taiwan
FRE,Freedom Air,Freedom Air - FRE,United States
FRL,Freedom Airlines,Freedom Airlines - FRL,United States
FFT,Frontier Airlines,Frontier Airlines - FFT,United States
FTA,Frontier Flying Service,Frontier Flying Service - FTA,United States
FZA,Fuzhou Airlines,Fuzhou Airlines - FZA,China
GBL,GB Airways,GB Airways - GBL,United Kingdom
CBG,GX Airlines,GX Airlines - CBG,China
GBK,Gabon Airlines,Gabon Airlines - GBK,Gabon
GDR,Gadair European Airlines,Gadair European Airlines - GDR,Spain
GIA,Garuda Indonesia,Garuda Indonesia - GIA,Indonesia
GZP,Gazpromavia,Gazpromavia - GZP,Russia
TGZ,Georgian Airways,Georgian Airways - TGZ,Georgia
GNN,Georgian International Airlines,Georgian International Airlines - GNN,Georgia
GFG,Georgian National Airlines,Georgian National Airlines - GFG,Georgia
FLB,German Air Force - FLB,German Air Force - FLB - FLB,Germany
GER,German International Air Lines,German International Air Lines - GER,Germany
GXG,GermanXL,GermanXL - GXG,Germany
GMI,Germania,Germania - GMI,Germany
GWI,Germanwings,Germanwings - GWI,Germany
GHB,Ghana International Airlines,Ghana International Airlines - GHB,Ghana
GA0,Global Airlines,Global Airlines - GA0,Argentina
GLP,Globus,Globus - GLP,Russia
GOW,Go Air,Go Air - GOW,India
RLX,Go2Sky,Go2Sky - RLX,Slovakia
GJS,GoJet Airlines,GoJet Airlines - GJS,United States
GLO,Gol Transportes Aéreos,Gol Transportes Aéreos - GLO,Brazil
GAO,Golden Air,Golden Air - GAO,Sweden
GMR,Golden Myanmar Airlines,Golden Myanmar Airlines - GMR,Burma
GDC,Grand China Air,Grand China Air - GDC,China
GCA,Grand Cru Airlines,Grand Cru Airlines - GCA,Lithuania
GLA,Great Lakes Airlines,Great Lakes Airlines - GLA,United States
GFY,Greenfly,Greenfly - GFY,Spain
TAT,Grupo TACA,Grupo TACA - TAT,Costa Rica
GFA,Gulf Air,Gulf Air - GFA,Oman
GBA,Gulf Air Bahrain,Gulf Air Bahrain - GBA,Bahrain
GFT,Gulfstream International Airlines,Gulfstream International Airlines - GFT,United States
HAG,Hageland Aviation Services,Hageland Aviation Services - HAG,United States
CHH,Hainan Airlines,Hainan Airlines - CHH,China
HAM,Haiti Ambassador Airlines,Haiti Ambassador Airlines - HAM,Haiti
HAY,Hamburg Airways,Hamburg Airways - HAY,Germany
HHI,Hamburg International,Hamburg International - HHI,Germany
HA1,Hankook Air US,Hankook Air US - HA1,United States
HNX,Hankook Airline,Hankook Airline - HNX,South Korea
HLF,Hapagfly,Hapagfly - HLF,Germany
HPY,Happy Air,Happy Air - HPY,Thailand
HAL,Hawaiian Airlines,Hawaiian Airlines - HAL,United States
HBH,Hebei Airlines,Hebei Airlines - HBH,China
HBR,Hebradran Air Services,Hebradran Air Services - HBR,United Kingdom
HFR,Heli France,Heli France - HFR,France
JBA,Helijet,Helijet - JBA,Canada
HTH,Helitt Líneas Aéreas,Helitt Líneas Aéreas - HTH,Spain
HEJ,Hellas Jet,Hellas Jet - HEJ,Greece
IMP,Hellenic Imperial Airways,Hellenic Imperial Airways - IMP,Greece
FHE,Hello,Hello - FHE,Switzerland
OAW,Helvetic Airways,Helvetic Airways - OAW,Switzerland
HRM,Hermes Airlines,Hermes Airlines - HRM,Greece
HER,Hex'Air,Hex'Air - HER,France
HWY,Highland Airways,Highland Airways - HWY,United Kingdom
HYM,Himalayan Airlines,Himalayan Airlines - HYM,Nepal
ADO,Hokkaido International Airlines,Hokkaido International Airlines - ADO,Japan
HCC,Holidays Czech Airlines,Holidays Czech Airlines - HCC,Czech Republic
OME,Homer Air,Homer Air - OME,Germany
CRK,Hong Kong Airlines,Hong Kong Airlines - CRK,Hong Kong SAR of China
HKE,Hong Kong Express Airways,Hong Kong Express Airways - HKE,Hong Kong SAR of China
QXE,Horizon Air,Horizon Air - QXE,United States
HZA,Horizon Airlines,Horizon Airlines - HZA,Australia
RSY,I-Fly,I-Fly - RSY,Russia
IIR,INAVIA Internacional,INAVIA Internacional - IIR,Argentina
IBE,Iberia Airlines,Iberia Airlines - IBE,Spain
IBS,Iberia Express,Iberia Express - IBS,Spain
IWD,Iberworld,Iberworld - IWD,Spain
IBX,Ibex Airlines,Ibex Airlines - IBX,Japan
RAC,Icar Air,Icar Air - RAC,Bosnia and Herzegovina
ICE,Icelandair,Icelandair - ICE,Iceland
ITX,Imair Airlines,Imair Airlines - ITX,Azerbaijan
IGO,IndiGo Airlines,IndiGo Airlines - IGO,India
IAC,Indian Airlines,Indian Airlines - IAC,India
IBU,Indigo,Indigo - IBU,United States
AXC,Indochina Airlines,Indochina Airlines - AXC,Vietnam
IDX,Indonesa Air Aisa X,Indonesa Air Aisa X - IDX,Indonesia
AWQ,Indonesia AirAsia,Indonesia AirAsia - AWQ,Indonesia
IDS,Indonesia Sky,Indonesia Sky - IDS,Indonesia
IAA,Indonesian Airlines,Indonesian Airlines - IAA,Indonesia
IG1,Indya Airline Group,Indya Airline Group - IG1,India
ILN,Interair South Africa,Interair South Africa - ILN,South Africa
SUW,Interavia Airlines,Interavia Airlines - SUW,Russia
ITK,Interlink Airlines,Interlink Airlines - ITK,South Africa
INE,International Europe,International Europe - INE,Spain
ISK,Intersky,Intersky - ISK,Austria
IRA,Iran Air,Iran Air - IRA,Iran
IRC,Iran Aseman Airlines,Iran Aseman Airlines - IRC,Iran
IAW,Iraqi Airways,Iraqi Airways - IAW,Iraq
MKU,Island Air (WP),Island Air (WP) - MKU,United States
ISX,Island Spirit,Island Spirit - ISX,Iceland
ISW,Islas Airways,Islas Airways - ISW,Spain
ISV,Islena De Inversiones,Islena De Inversiones - ISV,Honduras
ISR,Israir,Israir - ISR,Israel
IKA,Itek Air,Itek Air - IKA,Kyrgyzstan
JEX,JAL Express,JAL Express - JEX,Japan
JAZ,JALways,JALways - JAZ,Japan
JGN,Jagson Airlines,Jagson Airlines - JGN,India
JAS,Japan Air System,Japan Air System - JAS,Japan
JAL,Japan Airlines,Japan Airlines - JAL,Japan
JAA,Japan Asia Airways,Japan Asia Airways - JAA,Japan
ZXY,Japan Regio,Japan Regio - ZXY,Japan
JTA,Japan Transocean Air,Japan Transocean Air - JTA,Japan
\\'\\,Jayrow,Jayrow - \\'\\,Australia
JZR,Jazeera Airways,Jazeera Airways - JZR,Kuwait
JRB,Jc royal.britannica,Jc royal.britannica - JRB,United Kingdom
JJA,Jeju Air,Jeju Air - JJA,Republic of Korea
JAI,Jet Airways,Jet Airways - JAI,India
RSP,Jet Suite,Jet Suite - RSP,United States
EXS,Jet2.com,Jet2.com - EXS,United Kingdom
JFU,Jet4You,Jet4You - JFU,Morocco
JBU,JetBlue Airways,JetBlue Airways - JBU,United States
JAF,Jetairfly,Jetairfly - JAF,Belgium
JEF,Jetflite,Jetflite - JEF,Finland
JST,Jetstar Airways,Jetstar Airways - JST,Australia
JSA,Jetstar Asia Airways,Jetstar Asia Airways - JSA,Singapore
JJP,Jetstar Japan ,Jetstar Japan  - JJP,Japan
PIC,Jetstar Pacific,Jetstar Pacific - PIC,Vietnam
JTO,Jettor Airlines,Jettor Airlines - JTO,Hong Kong
JNA,Jin Air,Jin Air - JNA,South Korea
ENZ,Jota Aviation,Jota Aviation - ENZ,United Kingdom
JOY,Joy Air,Joy Air - JOY,China
DKH,Juneyao Airlines,Juneyao Airlines - DKH,China
JPU,Jupiter Airlines,Jupiter Airlines - JPU,United Arab Emirates
JSR,Jusur airways,Jusur airways - JSR,Egypt
KNI,KD Avia,KD Avia - KNI,Russia
KLC,KLM Cityhopper,KLM Cityhopper - KLC,Netherlands
KLM,KLM Royal Dutch Airlines,KLM Royal Dutch Airlines - KLM,Netherlands
KSY,KSY,KSY - KSY,Greece
KLS,Kal Star Aviation,Kal Star Aviation - KLS,Indonesia
KMF,Kam Air,Kam Air - KMF,Afghanistan
KND,Kan Air,Kan Air - KND,Thailand
MVD,Kavminvodyavia,Kavminvodyavia - MVD,Russia
KDA,Kendell Airlines,Kendell Airlines - KDA,Australia
KEN,Kenmore Air,Kenmore Air - KEN,United States
KQA,Kenya Airways,Kenya Airways - KQA,Kenya
KHK,Kharkiv Airlines,Kharkiv Airlines - KHK,Ukraine
KFR,Kingfisher Airlines,Kingfisher Airlines - KFR,India
KIN,Kinloss Flying Training Unit,Kinloss Flying Training Unit - KIN,United Kingdom
IRK,Kish Air,Kish Air - IRK,Iran
KGL,Kogalymavia Air Company,Kogalymavia Air Company - KGL,Russia
KBR,KoralBlue Airlines,KoralBlue Airlines - KBR,Egypt
KEA,Korea Express Air,Korea Express Air - KEA,South Korea
KAL,Korean Air,Korean Air - KAL,Republic of Korea
KGO,Korongo Airlines,Korongo Airlines - KGO,Congo (Kinshasa)
KSM,Kosmos,Kosmos - KSM,Russia
KOQ,Kostromskie avialinii,Kostromskie avialinii - KOQ,Russia
KJC,Krasnojarsky Airlines,Krasnojarsky Airlines - KJC,Russia
KIL,Kuban Airlines,Kuban Airlines - KIL,Russia
KUH,Kush Air,Kush Air - KUH,South Sudan
KAC,Kuwait Airways,Kuwait Airways - KAC,Kuwait
KZU,Kuzu Airlines Cargo,Kuzu Airlines Cargo - KZU,Turkey
LPR,L,L - LPR,Argentina
LRC,LACSA,LACSA - LRC,Costa Rica
LAN,LAN Airlines,LAN Airlines - LAN,Chile
DSM,LAN Argentina,LAN Argentina - DSM,Argentina
LXP,LAN Express,LAN Express - LXP,Chile
LPE,LAN Peru,LAN Peru - LPE,Peru
LMM,LCM AIRLINES,LCM AIRLINES - LMM,Russia
LOT,LOT Polish Airlines,LOT Polish Airlines - LOT,Poland
YZZ,LSM AIRLINES ,LSM AIRLINES  - YZZ,Russia
LOO,LSM Airlines,LSM Airlines - LOO,Russia
UWW,LSM International ,LSM International  - UWW,Russia
LTE,LTE International Airways,LTE International Airways - LTE,Spain
LTO,LTU Austria,LTU Austria - LTO,Austria
LAO,Lao Airlines,Lao Airlines - LAO,Lao Peoples Democratic Republic
LTC,LatCharter,LatCharter - LTC,Latvia
LDA,Lauda Air,Lauda Air - LDA,Austria
LIA,Leeward Islands Air Transport,Leeward Islands Air Transport - LIA,Antigua and Barbuda
LTY,Liberty Airways,Liberty Airways - LTY,United States
LAA,Libyan Arab Airlines,Libyan Arab Airlines - LAA,Libya
LBL,Line Blue,Line Blue - LBL,Germany
LAM,Linhas A,Linhas A - LAM,Mozambique
LNI,Lion Mentari Airlines,Lion Mentari Airlines - LNI,Indonesia
LIX,LionXpress,LionXpress - LIX,Cameroon
LOC,Locair,Locair - LOC,United States
LJJ,Luchsh Airlines ,Luchsh Airlines  - LJJ,Russia
LGW,Luftfahrtgesellschaft Walter,Luftfahrtgesellschaft Walter - LGW,Germany
DLH,Lufthansa,Lufthansa - DLH,Germany
GEC,Lufthansa Cargo,Lufthansa Cargo - GEC,Germany
CLH,Lufthansa CityLine,Lufthansa CityLine - CLH,Germany
LTR,Lufttransport,Lufttransport - LTR,Norway
LGL,Luxair,Luxair - LGL,Luxembourg
MKD,MAT Airways,MAT Airways - MKD,Macedonia
MAK,MAT Macedonian Airlines,MAT Macedonian Airlines - MAK,Macedonia
MCA,MCA Airlines,MCA Airlines - MCA,Sweden
MGL,MIAT Mongolian Airlines,MIAT Mongolian Airlines - MGL,Mongolia
MNB,MNG Airlines,MNG Airlines - MNB,Turkey
MCK,Macair Airlines,Macair Airlines - MCK,Australia
IRM,Mahan Air,Mahan Air - IRM,Iran
MAS,Malaysia Airlines,Malaysia Airlines - MAS,Malaysia
MWI,Malaysia Wings,Malaysia Wings - MWI,Malaysia
\N,Maldivian Air Taxi,Maldivian Air Taxi - \N,Maldives
MAV,Maldivo Airlines,Maldivo Airlines - MAV,Maldives
MXD,Malindo Air,Malindo Air - MXD,Malaysia
SCW,Malmo Aviation,Malmo Aviation - SCW,Sweden
MAC,Malta Air Charter,Malta Air Charter - MAC,Malta
MAH,Malév,Malév - MAH,Hungary
MDL,Mandala Airlines,Mandala Airlines - MDL,Indonesia
MDA,Mandarin Airlines,Mandarin Airlines - MDA,Taiwan
MNO,Mango,Mango - MNO,South Africa
MYP,Mann Yadanarpon Airlines,Mann Yadanarpon Airlines - MYP,Burma
MPH,Martinair,Martinair - MPH,Netherlands
MRS,Marusya Airways,Marusya Airways - MRS,Russia
M1F,Maryland Air,Maryland Air - M1F,United States
1QA,Marysya Airlines,Marysya Airlines - 1QA,Russia
MAA,MasAir,MasAir - MAA,Mexico
MAI,Mauritania Airlines International,Mauritania Airlines International - MAI,Mauritania
MTW,Mauritania Airways,Mauritania Airways - MTW,Mauritania
MXL,Maxair,Maxair - MXL,Sweden
MYD,Maya Island Air,Maya Island Air - MYD,Belize
MDP,Medallion Air,Medallion Air - MDP,Romania
ISS,Meridiana,Meridiana - ISS,Italy
MNA,Merpati Nusantara Airlines,Merpati Nusantara Airlines - MNA,Indonesia
ASH,Mesa Airlines,Mesa Airlines - ASH,United States
MES,Mesaba Airlines,Mesaba Airlines - MES,United States
BTV,Metro Batavia,Metro Batavia - BTV,Indonesia
MXA,Mexicana de Aviaci,Mexicana de Aviaci - MXA,Mexico
MXI,MexicanaLink,MexicanaLink - MXI,Mexico
MJG,Michael Airlines,Michael Airlines - MJG,Puerto Rico
MEA,Middle East Airlines,Middle East Airlines - MEA,Lebanon
MDW,Midway Airlines,Midway Airlines - MDW,United States
MEP,Midwest Airlines,Midwest Airlines - MEP,United States
MWA,Midwest Airlines (Egypt),Midwest Airlines (Egypt) - MWA,Egypt
MIC,Mint Airways,Mint Airways - MIC,Spain
MDV,Moldavian Airlines,Moldavian Airlines - MDV,Moldova
MON,Monarch Airlines,Monarch Airlines - MON,United Kingdom
ZTF,Mongolian International Air Lines ,Mongolian International Air Lines  - ZTF,Mongolia
MGX,Montenegro Airlines,Montenegro Airlines - MGX,Montenegro
MAL,Morningstar Air Express,Morningstar Air Express - MAL,Canada
GAI,Moskovia Airlines,Moskovia Airlines - GAI,Russia
MSI,Motor Sich,Motor Sich - MSI,Ukraine
MYT,MyTravel Airways,MyTravel Airways - MYT,United Kingdom
UBA,Myanma Airways,Myanma Airways - UBA,Myanmar
MMM,Myanmar Airways International,Myanmar Airways International - MMM,Myanmar
MYA,Myflug,Myflug - MYA,Iceland
NXB,NEXT Brasil,NEXT Brasil - NXB,Brazil
KNE,Nas Air,Nas Air - KNE,Saudi Arabia
NAS,Nasair,Nasair - NAS,Eritrea
NCR,National Air Cargo,National Air Cargo - NCR,United States
NJS,National Jet Systems,National Jet Systems - NJS,Australia
NTW,Nationwide Airlines,Nationwide Airlines - NTW,South Africa
RON,Nauru Air Corporation,Nauru Air Corporation - RON,Nauru
RNA,Nepal Airlines,Nepal Airlines - RNA,Nepal
NMA,Nesma Airlines,Nesma Airlines - NMA,Egypt
EJA,NetJets,NetJets - EJA,United States
NEA,New England Airlines,New England Airlines - NEA,United States
NTJ,NextJet,NextJet - NTJ,Sweden
NX1,Nihon.jet connect,Nihon.jet connect - NX1,Kyrgyzstan
NLY,Niki,Niki - NLY,Austria
NIA,Nile Air,Nile Air - NIA,Egypt
NOK,Nok Air,Nok Air - NOK,Thailand
NGB,Nordic Global Airlines,Nordic Global Airlines - NGB,Finland
NCF,Norfolk County Flight College,Norfolk County Flight College - NCF,United Kingdom
FNA,Norlandair,Norlandair - FNA,Iceland
NTM,North American Airlines,North American Airlines - NTM,Canada
HMR,North American Charters,North American Charters - HMR,Canada
NWA,Northwest Airlines,Northwest Airlines - NWA,United States
PLR,Northwestern Air,Northwestern Air - PLR,Canada
IBK,Norwegian Air International (D8),Norwegian Air International (D8) - IBK,Norway
NAX,Norwegian Air Shuttle,Norwegian Air Shuttle - NAX,Norway
TFN,Norwegian Aviation College,Norwegian Aviation College - TFN,Norway
NLH,Norwegian Long Haul AS,Norwegian Long Haul AS - NLH,Norway
LBT,Nouvel Air Tunisie,Nouvel Air Tunisie - LBT,Tunisia
NVR,Novair,Novair - NVR,Sweden
IXO,OCEAN AIR CARGO,OCEAN AIR CARGO - IXO,India
OHK,Oasis Hong Kong Airlines,Oasis Hong Kong Airlines - OHK,Hong Kong
BCN,Ocean Air,Ocean Air - BCN,Mauritania
ONE,Oceanair,Oceanair - ONE,Brazil
OAL,Olympic Airlines,Olympic Airlines - OAL,Greece
OMA,Oman Air,Oman Air - OMA,Oman
OAE,Omni Air International,Omni Air International - OAE,United States
OTG,One Two Go Airlines,One Two Go Airlines - OTG,Thailand
1CH,OneChina,OneChina - 1CH,China
OHY,Onur Air,Onur Air - OHY,Turkey
OBS,Orbest,Orbest - OBS,Portugal
OBT,Orbit Airlines,Orbit Airlines - OBT,United States
OAB,Orbit Airlines Azerbaijan,Orbit Airlines Azerbaijan - OAB,Azerbaijan
OAN,Orbit Atlantic Airways,Orbit Atlantic Airways - OAN,United States
OAI,Orbit International Airlines,Orbit International Airlines - OAI,United States
OAR,Orbit Regional Airlines,Orbit Regional Airlines - OAR,United States
ORC,Orchid Airlines,Orchid Airlines - ORC,Australia
ORB,Orenburg Airlines,Orenburg Airlines - ORB,Russia
ORG,Orenburzhie,Orenburzhie - ORG,Russia
OEA,Orient Thai Airlines,Orient Thai Airlines - OEA,Thailand
OGN,Origin Pacific Airways,Origin Pacific Airways - OGN,New Zealand
OLT,Ostfriesische Lufttransport,Ostfriesische Lufttransport - OLT,Germany
OLA,Overland Airways,Overland Airways - OLA,Nigeria
OZJ,Ozjet Airlines,Ozjet Airlines - OZJ,Australia
PNR,PAN Air,PAN Air - PNR,Spain
PBA,PB Air,PB Air - PBA,Thailand
PUA,PLUNA,PLUNA - PUA,Uruguay
PMT,PMTair,PMTair - PMT,Cambodia
PCO,Pacific Coastal Airline,Pacific Coastal Airline - PCO,Canada
PEC,Pacific East Asia Cargo Airlines,Pacific East Asia Cargo Airlines - PEC,Philippines
PFL,Pacific Flier,Pacific Flier - PFL,Palau
PSA,Pacific Island Aviation,Pacific Island Aviation - PSA,United States
NMI,Pacific Wings,Pacific Wings - NMI,United States
PIA,Pakistan International Airlines,Pakistan International Airlines - PIA,Pakistan
PQW,PanAm World Airways,PanAm World Airways - PQW,United States
PMW,Paramount Airways,Paramount Airways - PMW,India
IPV,Parmiss Airlines (IPV),Parmiss Airlines (IPV) - IPV,Iran
PTB,Passaredo Transportes Aereos,Passaredo Transportes Aereos - PTB,Brazil
PGT,Pegasus Airlines,Pegasus Airlines - PGT,Turkey
PEN,Peninsula Airways,Peninsula Airways - PEN,United States
PAL,Philippine Airlines,Philippine Airlines - PAL,Philippines
PDT,Piedmont Airlines (1948-1989),Piedmont Airlines (1948-1989) - PDT,United States
FLG,Pinnacle Airlines,Pinnacle Airlines - FLG,United States
PBD,Pobeda,Pobeda - PBD,Russia
POT,Polet,Polet - POT,Russia
PAO,Polynesian Airlines,Polynesian Airlines - PAO,Samoa
POE,Porter Airlines,Porter Airlines - POE,Canada
PGA,Portugalia,Portugalia - PGA,Portugal
PDC,Potomac Air,Potomac Air - PDC,United States
PYA,Pouya Air,Pouya Air - PYA,Iran
PRF,Precision Air,Precision Air - PRF,Tanzania
PTI,Privatair,Privatair - PTI,Switzerland
QFA,Qantas,Qantas - QFA,Australia
QAX,QatXpress,QatXpress - QAX,Qatar
QTR,Qatar Airways,Qatar Airways - QTR,Qatar
RXR,REXAIR VIRTUEL,REXAIR VIRTUEL - RXR,France
RAB,Rainbow Air (RAI),Rainbow Air (RAI) - RAB,United States
RAY,Rainbow Air Canada,Rainbow Air Canada - RAY,Canada
RUE,Rainbow Air Euro,Rainbow Air Euro - RUE,United Kingdom
RPO,Rainbow Air Polynesia,Rainbow Air Polynesia - RPO,United States
RNY,Rainbow Air US,Rainbow Air US - RNY,United States
RWZ,Red Wings,Red Wings - RWZ,Russia
N78,Regional Air Iceland,Regional Air Iceland - N78,Iceland
RXA,Regional Express,Regional Express - RXA,Australia
REP,Regional Paraguaya,Regional Paraguaya - REP,Paraguay
CR1,Regionalia Chile,Regionalia Chile - CR1,Chile
J88,Regionalia México,Regionalia México - J88,Mexico
2K2,Regionalia Uruguay,Regionalia Uruguay - 2K2,Uruguay
9XX,Regionalia Venezuela,Regionalia Venezuela - 9XX,Venezuela
RPA,Republic Airlines,Republic Airlines - RPA,United States
RPH,Republic Express Airlines,Republic Express Airlines - RPH,Indonesia
SDM,Rossiya-Russian Airlines,Rossiya-Russian Airlines - SDM,Russia
RJD,Rotana Jet,Rotana Jet - RJD,United Arab Emirates
RAM,Royal Air Maroc,Royal Air Maroc - RAM,Morocco
RAW,Royal Airways,Royal Airways - RAW,United States
RBA,Royal Brunei Airlines,Royal Brunei Airlines - RBA,Brunei
RFJ,Royal Falcon,Royal Falcon - RFJ,Jordan
DME,Royal Flight,Royal Flight - DME,Russia
RJA,Royal Jordanian,Royal Jordanian - RJA,Jordan
PPW,Royal Phnom Penh Airways,Royal Phnom Penh Airways - PPW,Cambodia
RSJ,RusJet,RusJet - RSJ,Russia
RLU,Rusline,Rusline - RLU,Russia
RSD,Russia State Transport,Russia State Transport - RSD,Russia
KRY,Russkie Krylya,Russkie Krylya - KRY,Russia
RWD,Rwandair Express,Rwandair Express - RWD,Rwanda
RYA,Ryan Air Services,Ryan Air Services - RYA,United States
RYN,Ryan International Airlines,Ryan International Airlines - RYN,United States
RYR,Ryanair,Ryanair - RYR,Ireland
RAE,Régional,Régional - RAE,France
SBI,S7 Airlines,S7 Airlines - SBI,Russia
CNO,SAS Braathens,SAS Braathens - CNO,Norway
SAT,SATA Air Acores,SATA Air Acores - SAT,Portugal
RZO,SATA International,SATA International - RZO,Portugal
NSE,SATENA,SATENA - NSE,Colombia
KOL,SOCHI AIR,SOCHI AIR - KOL,Russia
QER,SOCHI AIR CHATER,SOCHI AIR CHATER - QER,Russia
SAE,SOCHI AIR EXPRESS,SOCHI AIR EXPRESS - SAE,Russia
STP,STP Airways,STP Airways - STP,Sao Tome and Principe
SZZ,SUR Lineas Aereas,SUR Lineas Aereas - SZZ,Argentina
SVG,SVG Air,SVG Air - SVG,Saint Vincent and the Grenadines
SHD,Sahara Airlines,Sahara Airlines - SHD,Algeria
SLC,Salsa d\\'Haiti,Salsa d\\'Haiti - SLC,Haiti
SMY,Sama Airlines,Sama Airlines - SMY,Saudi Arabia
SDI,San Dima Air,San Dima Air - SDI,United States
BBR,Santa Barbara Airlines,Santa Barbara Airlines - BBR,Venezuela
SOV,Saratov Aviation Division,Saratov Aviation Division - SOV,Russia
SOZ,Sat Airlines,Sat Airlines - SOZ,Kazakhstan
SVA,Saudi Arabian Airlines,Saudi Arabian Airlines - SVA,Saudi Arabia
SAS,Scandinavian Airlines System,Scandinavian Airlines System - SAS,Sweden
VSV,Scat Air,Scat Air - VSV,Kazakhstan
SCE,Scenic Airlines,Scenic Airlines - SCE,United States
SCO,Scoot,Scoot - SCO,Singapore
SAY,ScotAirways,ScotAirways - SAY,United Kingdom
SQH,SeaPort Airlines,SeaPort Airlines - SQH,United States
SBS,Seaborne Airlines,Seaborne Airlines - SBS,United States
SGG,Senegal Airlines,Senegal Airlines - SGG,Senegal
SA1,Serbian Airlines,Serbian Airlines - SA1,Serbia
STU,Servicios de Transportes A,Servicios de Transportes A - STU,Argentina
SEN,Sevenair,Sevenair - SEN,Tunisia
SAI,Shaheen Air International,Shaheen Air International - SAI,Pakistan
CDG,Shandong Airlines,Shandong Airlines - CDG,China
CSH,Shanghai Airlines,Shanghai Airlines - CSH,China
SHA,Sharp Airlines,Sharp Airlines - SHA,Australia
CSZ,Shenzhen Airlines,Shenzhen Airlines - CSZ,China
TCF,Shuttle America,Shuttle America - TCF,United States
SIB,Sibaviatrans,Sibaviatrans - SIB,Russia
CSC,Sichuan Airlines,Sichuan Airlines - CSC,China
SRH,Siem Reap Airways,Siem Reap Airways - SRH,Cambodia
SLK,SilkAir,SilkAir - SLK,Singapore
RMK,Simrik Airlines,Simrik Airlines - RMK,Nepal
SIA,Singapore Airlines,Singapore Airlines - SIA,Singapore
SQC,Singapore Airlines Cargo,Singapore Airlines Cargo - SQC,Singapore
SGY,Skagway Air Service,Skagway Air Service - SGY,United States
SKU,Sky Airline,Sky Airline - SKU,Chile
SWM,Sky Angkor Airlines (ZA),Sky Angkor Airlines (ZA) - SWM,Cambodia
HSK,Sky Europe Airlines,Sky Europe Airlines - HSK,Slovakia
SXR,Sky Express,Sky Express - SXR,Russia
SEH,Sky Express,Sky Express - SEH,Greece
SKV,Sky Regional,Sky Regional - SKV,Canada
CR7,Sky Wing Pacific,Sky Wing Pacific - CR7,South Korea
ESK,SkyEurope,SkyEurope - ESK,Slovakia
SKW,SkyWest,SkyWest - SKW,United States
SJU,Skyjet Airlines,Skyjet Airlines - SJU,Uganda
KCU,Skyline Ulasim Ticaret A.S.,Skyline Ulasim Ticaret A.S. - KCU,Turkey
SKY,Skymark Airlines,Skymark Airlines - SKY,Japan
SIH,Skynet Airlines,Skynet Airlines - SIH,Ireland
SNJ,Skynet Asia Airways,Skynet Asia Airways - SNJ,Japan
SSV,Skyservice Airlines,Skyservice Airlines - SSV,Canada
SYX,Skywalk Airlines,Skywalk Airlines - SYX,United States
SKX,Skyways Express,Skyways Express - SKX,Sweden
OZW,Skywest Airlines,Skywest Airlines - OZW,Australia
ELC,Small Planet Airlines,Small Planet Airlines - ELC,Lithuania
SBD,Snowbird Airlines,Snowbird Airlines - SBD,Finland
OLS,Sol Lineas Aereas,Sol Lineas Aereas - OLS,Argentina
SRB,Solar Air,Solar Air - SRB,Thailand
SOL,Solomon Airlines,Solomon Airlines - SOL,Solomon Islands
SAA,South African Airways,South African Airways - SAA,South Africa
SRQ,South East Asian Airlines,South East Asian Airlines - SRQ,Philippines
SPI,South Pacific Island Airways,South Pacific Island Airways - SPI,United States
SEA,Southeast Air,Southeast Air - SEA,United States
SOA,Southern Air Charter,Southern Air Charter - SOA,Bahamas
SOU,Southern Airways,Southern Airways - SOU,United States
LTD,Southern Airways Express,Southern Airways Express - LTD,United States
SWD,Southern Winds Airlines,Southern Winds Airlines - SWD,Argentina
SJS,Southjet,Southjet - SJS,United States
XAN,Southjet cargo,Southjet cargo - XAN,United States
ZCS,Southjet connect,Southjet connect - ZCS,United States
SWA,Southwest Airlines,Southwest Airlines - SWA,United States
JKK,Spanair,Spanair - JKK,Spain
SEJ,Spicejet,Spicejet - SEJ,India
SAL,Spike Airlines,Spike Airlines - SAL,United States
NKS,Spirit Airlines,Spirit Airlines - NKS,United States
MNP,Spirit of Manila Airlines,Spirit of Manila Airlines - MNP,Philippines
CQH,Spring Airlines,Spring Airlines - CQH,China
SJO,Spring Airlines Japan,Spring Airlines Japan - SJO,Japan
SRN,Sprintair,Sprintair - SRN,Poland
ALK,SriLankan Airlines,SriLankan Airlines - ALK,Sri Lanka
SJY,Sriwijaya Air,Sriwijaya Air - SJY,Indonesia
SFJ,Star Flyer,Star Flyer - SFJ,Japan
HCW,Star1 Airlines,Star1 Airlines - HCW,Lithuania
SNB,Sterling Airlines,Sterling Airlines - SNB,Denmark
SUD,Sudan Airways,Sudan Airways - SUD,Sudan
SCX,Sun Country Airlines,Sun Country Airlines - SCX,United States
ERO,Sun D'Or,Sun D'Or - ERO,Israel
SXS,SunExpress,SunExpress - SXS,Turkey
KSZ,Sunrise Airways,Sunrise Airways - KSZ,Haiti
SLM,Surinam Airways,Surinam Airways - SLM,Suriname
SJM,Svyaz Rossiya,Svyaz Rossiya - SJM,Russia
SWV,Swe Fly,Swe Fly - SWV,Sweden
SWU,Swiss European Air Lines,Swiss European Air Lines - SWU,Switzerland
SWR,Swiss International Air Lines,Swiss International Air Lines - SWR,Switzerland
SYR,Syrian Arab Airlines,Syrian Arab Airlines - SYR,Syrian Arab Republic
PSB,Syrian Pearl Airlines,Syrian Pearl Airlines - PSB,Syria
TJA,T.J. Air,T.J. Air - TJA,United States
DTA,TAAG Angola Airlines,TAAG Angola Airlines - DTA,Angola
TCV,TACV,TACV - TCV,Portugal
TAM,TAM Brazilian Airlines,TAM Brazilian Airlines - TAM,Brazil
LAP,TAM Mercosur,TAM Mercosur - LAP,Paraguay
TAE,TAME,TAME - TAE,Ecuador
TPA,TAMPA,TAMPA - TPA,Colombia
TAP,TAP Portugal,TAP Portugal - TAP,Portugal
TIB,TRIP Linhas A,TRIP Linhas A - TIB,Brazil
HLX,TUIfly,TUIfly - HLX,Germany
BLX,TUIfly Nordic,TUIfly Nordic - BLX,Sweden
TIL,Tajikistan International Airlines,Tajikistan International Airlines - TIL,Tajikistan
ROT,Tarom,Tarom - ROT,Romania
TAK,Tatarstan Airlines,Tatarstan Airlines - TAK,Russia
TXW,Texas Wings,Texas Wings - TXW,United States
TEZ,Tez Jet Airlines,Tez Jet Airlines - TEZ,Kyrgyzstan
TCG,Thai Air Cargo,Thai Air Cargo - TCG,Thailand
AIQ,Thai AirAsia,Thai AirAsia - AIQ,Thailand
THA,Thai Airways International,Thai Airways International - THA,Thailand
TVJ,Thai Vietjet Air,Thai Vietjet Air - TVJ,Thailand
TCW,Thomas Cook Airlines,Thomas Cook Airlines - TCW,Belgium
TCX,Thomas Cook Airlines,Thomas Cook Airlines - TCX,United Kingdom
TOM,Thomsonfly,Thomsonfly - TOM,United Kingdom
GCR,Tianjin Airlines,Tianjin Airlines - GCR,China
TNM,Tiara Air,Tiara Air - TNM,Aruba
TGW,Tiger Airways,Tiger Airways - TGW,Singapore
T&O,Tom\\'s & co airliners,Tom\\'s & co airliners - T&O,France
T9P,Tomp Airlines,Tomp Airlines - T9P,Chile
TKS,Tomsk-Avia,Tomsk-Avia - TKS,Russia
TMA,Trans Mediterranean Airlines,Trans Mediterranean Airlines - TMA,Lebanon
TP6,Trans Pas Air,Trans Pas Air - TP6,United States
LOF,Trans States Airlines,Trans States Airlines - LOF,United States
TNA,TransAsia Airways,TransAsia Airways - TNA,Taiwan
THS,TransBrasil Airlines,TransBrasil Airlines - THS,Brazil
THI,TransHolding,TransHolding - THI,Brazil
TYS,TransHolding System,TransHolding System - TYS,Brazil
TNU,TransNusa Air,TransNusa Air - TNU,Indonesia
RGG,TransRussiaAirlines,TransRussiaAirlines - RGG,Russia
TSO,Transaero Airlines,Transaero Airlines - TSO,Russia
TTZ,Transair,Transair - TTZ,Canada
TDK,Transavia Denmark,Transavia Denmark - TDK,Denmark
TVF,Transavia France,Transavia France - TVF,France
TRA,Transavia Holland,Transavia Holland - TRA,Netherlands
TNS,Transilvania,Transilvania - TNS,Romania
TLA,Translift Airways,Translift Airways - TLA,Ireland
NDN,Transportes Aereos Cielos Andinos,Transportes Aereos Cielos Andinos - NDN,Peru
ABS,Transwest Air,Transwest Air - ABS,Canada
TBZ,TrasBrasil,TrasBrasil - TBZ,Brazil
TVS,Travel Service,Travel Service - TVS,Czech Republic
TGN,Trigana Air Service,Trigana Air Service - TGN,Indonesia
TOS,Tropic Air,Tropic Air - TOS,Belize
TUI,Tuninter,Tuninter - TUI,Tunisia
TAR,Tunisair,Tunisair - TAR,Tunisia
URN,Turan Air,Turan Air - URN,Azerbaijan
THK,Turk Hava Kurumu Hava Taksi Isletmesi,Turk Hava Kurumu Hava Taksi Isletmesi - THK,Turkey
HVK,Turkish Air Force,Turkish Air Force - HVK,Turkey
THY,Turkish Airlines,Turkish Airlines - THY,Turkey
TWD,Turkish Wings Domestic,Turkish Wings Domestic - TWD,Turkey
TUA,Turkmenistan Airlines,Turkmenistan Airlines - TUA,Turkmenistan
TRK,Turkuaz Airlines,Turkuaz Airlines - TRK,Turkey
TWB,Tway Airlines,Tway Airlines - TWB,South Korea
TJT,Twin Jet,Twin Jet - TJT,France
TYR,Tyrolean Airways,Tyrolean Airways - TYR,Austria
--+,U.S. Air,U.S. Air - --+,United States
UKM,UM Airlines,UM Airlines - UKM,Ukraine
USA,US Airways,US Airways - USA,United States
USH,US Helicopter,US Helicopter - USH,United States
UBG,US-Bangla Airlines,US-Bangla Airlines - UBG,Bangladesh
GWY,USA3000 Airlines,USA3000 Airlines - GWY,United States
UTA,UTair Aviation,UTair Aviation - UTA,Russia
UAT,Ukraine Atlantic,Ukraine Atlantic - UAT,Ukraine
AUI,Ukraine International Airlines,Ukraine International Airlines - AUI,Ukraine
UIA,Uni Air,Uni Air - UIA,Taiwan
UAC,United Air Charters,United Air Charters - UAC,Zimbabwe
UAL,United Airlines,United Airlines - UAL,United States
UBD,United Airways,United Airways - UBD,Bangladesh
AIO,United States Air Force,United States Air Force - AIO,United States
UAY,University of Birmingham Air Squadron (RAF),University of Birmingham Air Squadron (RAF) - UAY,United Kingdom
SVR,Ural Airlines,Ural Airlines - SVR,Russia
ES2,Usa Sky Cargo,Usa Sky Cargo - ES2,United States
UZB,Uzbekistan Airways,Uzbekistan Airways - UZB,Uzbekistan
VAX,V Air,V Air - VAX,Taiwan
VSP,VASP,VASP - VSP,Brazil
VIA,VIA Líneas Aéreas,VIA Líneas Aéreas - VIA,Argentina
MOV,VIM Airlines,VIM Airlines - MOV,Russia
VLM,VLM Airlines,VLM Airlines - VLM,Belgium
VOE,VOLOTEA Airways,VOLOTEA Airways - VOE,Spain
VRN,VRG Linhas Aereas,VRG Linhas Aereas - VRN,Brazil
VLU,Valuair,Valuair - VLU,Singapore
VLO,Varig Log,Varig Log - VLO,Brazil
VFC,Vasco Air,Vasco Air - VFC,Vietnam
CZV,Via Conectia Airlines,Via Conectia Airlines - CZV,Uruguay
SRY,ViaAir,ViaAir - SRY,United States
VKJ,VickJet,VickJet - VKJ,France
VJC,VietJet Air,VietJet Air - VJC,Vietnam
HVN,Vietnam Airlines,Vietnam Airlines - HVN,Vietnam
VKH,Viking Hellas,Viking Hellas - VKH,Greece
VRD,Virgin America,Virgin America - VRD,United States
VIR,Virgin Atlantic Airways,Virgin Atlantic Airways - VIR,United Kingdom
VOZ,Virgin Australia,Virgin Australia - VOZ,Australia
VEX,Virgin Express,Virgin Express - VEX,Belgium
VGN,Virgin Nigeria Airways,Virgin Nigeria Airways - VGN,Nigeria
VNP,Virgin Pacific,Virgin Pacific - VNP,Fiji
VWA,Virginwings,Virginwings - VWA,Germany
VIS,Vision Air International,Vision Air International - VIS,Pakistan
RBY,Vision Airlines (V2),Vision Airlines (V2) - RBY,United States
VVM,Viva Macau,Viva Macau - VVM,Macao
VVC,VivaColombia,VivaColombia - VVC,Colombia
VLK,Vladivostok Air,Vladivostok Air - VLK,Russia
K88,Voestar,Voestar - K88,Brazil
VLE,Volare Airlines,Volare Airlines - VLE,Italy
VOI,Volaris,Volaris - VOI,Mexico
VDA,Volga-Dnepr Airlines,Volga-Dnepr Airlines - VDA,Russia
VOO,Volotea,Volotea - VOO,Spain
VC9,Volotea Costa Rica,Volotea Costa Rica - VC9,Costa Rica
6CC,Vuela Cuba,Vuela Cuba - 6CC,Cuba
VLG,Vueling Airlines,Vueling Airlines - VLG,Spain
VI4,Vuola Italia,Vuola Italia - VI4,Italy
KW1,Wataniya Airways,Wataniya Airways - KW1,Kuwait
WEB,WebJet Linhas A,WebJet Linhas A - WEB,Brazil
WLC,Welcome Air,Welcome Air - WLC,Austria
CHB,West Air China,West Air China - CHB,China
WJA,WestJet,WestJet - WJA,Canada
WEN,WestJet Encore,WestJet Encore - WEN,Canada
WAL,Western Airlines,Western Airlines - WAL,United States
WFX,Westfalia Express VA,Westfalia Express VA - WFX,Germany
WTJ,Whitejets,Whitejets - WTJ,Brazil
WIF,Widerøe,Widerøe - WIF,Norway
JET,Wind Jet,Wind Jet - JET,Italy
WRC,Wind Rose Aviation,Wind Rose Aviation - WRC,Ukraine
WON,Wings Air,Wings Air - WON,Indonesia
WZZ,Wizz Air,Wizz Air - WZZ,Hungary
WVL,Wizz Air Hungary,Wizz Air Hungary - WVL,Bulgaria
WAU,Wizz Air Ukraine,Wizz Air Ukraine - WAU,Ukraine
WOA,World Airways,World Airways - WOA,United States
WE1,World Experience Airline,World Experience Airline - WE1,Canada
WSS,World Scale Airlines,World Scale Airlines - WSS,United States
XAU,XAIR USA,XAIR USA - XAU,United States
SEU,XL Airways France,XL Airways France - SEU,France
XOJ,XOJET,XOJET - XOJ,United States
XPT,XPTO,XPTO - XPT,Portugal
CXA,Xiamen Airlines,Xiamen Airlines - CXA,China
YEP,YES Airways,YES Airways - YEP,Poland
LLM,Yamal Airlines,Yamal Airlines - LLM,Russia
YEL,Yellowtail,Yellowtail - YEL,United States
IYE,Yemenia,Yemenia - IYE,Yemen
NYT,Yeti Airlines ,Yeti Airlines  - NYT,Nepal
CYH,Yunnan Airlines,Yunnan Airlines - CYH,China
UMK,Yuzhmashavia,Yuzhmashavia - UMK,Ukraine
ZTT,ZABAIKAL AIRLINES,ZABAIKAL AIRLINES - ZTT,Russia
ZZZ,Zabaykalskii Airlines,Zabaykalskii Airlines - ZZZ,Russia
TAN,Zanair,Zanair - TAN,Tanzania
PZY,Zapolyarie Airlines,Zapolyarie Airlines - PZY,Russia
ZNA,Zenith International Airline,Zenith International Airline - ZNA,Thailand
OOM,Zoom Airlines,Zoom Airlines - OOM,Canada
BMA,bmi,bmi - BMA,United Kingdom
BMI,bmibaby,bmibaby - BMI,United Kingdom
BAG,dba,dba - BAG,Germany
EZY,easyJet,easyJet - EZY,United Kingdom
КТК,Катэкавиа,Катэкавиа - КТК,Russia
PKV,Псковавиа,Псковавиа - PKV,Russia
